{"Loss": 33.03125, "Epoch": 32, "Learning Rate": 0.001, "_timestamp": 1736065671.5667584, "_runtime": 253.71912145614624, "_step": 31, "_wandb": {"runtime": 252}}