{"Node Name": "Cyprinus carpio", "Category ID": "1", "Level": "l6", "Loss": 12.191139221191406, "Primal Residual": 0.1771213710308075, "Dual Residual": 0.0, "Epoch": 61, "Learning Rate": 0.01, "_timestamp": 1736177867.255783, "_runtime": 10.20277714729309, "_step": 12, "_wandb": {"runtime": 8}}