{"Node Name": "Cyprinus carpio", "Category ID": "1", "Level": "l6", "Loss": 21.13243293762207, "Primal Residual": 0.06333543360233307, "Dual Residual": 0.0, "Epoch": 5, "Learning Rate": 0.001, "_timestamp": 1736583691.1484175, "_runtime": 9.807984590530396, "_step": 1, "_wandb": {"runtime": 8}}