{"Loss": 49.51424026489258, "Primal Residual": 0.008584396913647652, "Dual Residual": 0.0, "Epoch": 1, "Learning Rate": 0.01, "_timestamp": 1736146595.0463035, "_runtime": 101.11439752578735, "_step": 1133, "_wandb": {"runtime": 99}}