{"Loss": 42.13065719604492, "Residual": 2.347538471221924, "Mu Norm": 2.347538471221924, "Epoch": 1, "Learning Rate": 0.01, "_timestamp": 1736121060.9519641, "_runtime": 45.93268418312073, "_step": 1092, "_wandb": {"runtime": 43}}