{"Node Name": "Cyprinus carpio", "Category ID": "1", "Level": "l6", "Loss": 29.824485778808594, "Primal Residual": 1.99429190158844, "Dual Residual": 0.0, "Epoch": 1, "Learning Rate": 0.01, "_timestamp": 1736234987.7433128, "_runtime": 13.12179183959961, "_step": 0, "_wandb": {"runtime": 10}}