{"Node Name": "Cyprinus carpio", "Category ID": "1", "Level": "l6", "Loss": 12.191139221191406, "Primal Residual": 0.1771213710308075, "Dual Residual": 0.0, "Epoch": 61, "Learning Rate": 0.01, "_timestamp": 1736169992.9594405, "_runtime": 9.618566513061523, "_step": 12, "_wandb": {"runtime": 8}}