{"Node Name": "Cyprinus carpio", "Category ID": "1", "Level": "l6", "Loss": 12.191139221191406, "Primal Residual": 0.1771213710308075, "Dual Residual": 0.1280369758605957, "Epoch": 61, "Learning Rate": 0.01, "_timestamp": 1736174858.5561538, "_runtime": 10.08700180053711, "_step": 12, "_wandb": {"runtime": 8}}