{"Loss": 11.936407089233398, "Primal Residual": 0.12716738879680634, "Dual Residual": 0.0, "Epoch": 66, "Learning Rate": 0.001, "_timestamp": 1736165798.049654, "_runtime": 110.2191150188446, "_step": 14995, "_wandb": {"runtime": 108}}