{"Loss": 16.20590591430664, "Primal Residual": 0.24568356573581696, "Dual Residual": 0.0, "Epoch": 10, "Learning Rate": 0.01, "_timestamp": 1736146151.627148, "_runtime": 348.9978199005127, "_step": 1}