{"Node Name": "Cyprinus carpio", "Category ID": "1", "Level": "l6", "Loss": 34.38118362426758, "Primal Residual": 1.9732102155685425, "Dual Residual": 0.0, "Epoch": 1, "Learning Rate": 0.01, "_timestamp": 1736235682.5828152, "_runtime": 10.121600151062012, "_step": 0, "_wandb": {"runtime": 8}}