{"Node Name": "Cyprinus carpio", "Category ID": "1", "Level": "l6", "Loss": 34.38118362426758, "Primal Residual": 1.9830329418182373, "Dual Residual": 0.0, "Epoch": 1, "Learning Rate": 0.001, "_timestamp": 1736603010.4219515, "_runtime": 10.425572633743286, "_step": 0, "_wandb": {"runtime": 9}}