{"Loss": 33.834449768066406, "Residual": 1.9136459827423096, "Mu Norm": 1.9136459827423096, "Epoch": 1, "Learning Rate": 0.01, "_timestamp": 1736124578.5459156, "_runtime": 46.03019857406616, "_step": 1089, "_wandb": {"runtime": 44}}