{"Loss": 30.009550094604492, "Primal Residual": 0.00609584292396903, "Dual Residual": 0.0, "Epoch": 1, "Learning Rate": 0.01, "_timestamp": 1736159754.889726, "_runtime": 2103.2306609153748, "_step": 0}