{"Node Name": "Cyprinus carpio", "Category ID": "1", "Level": "l6", "Loss": 34.38118362426758, "Primal Residual": 1.9830329418182373, "Dual Residual": 0.0, "Epoch": 1, "Learning Rate": 0.001, "_timestamp": 1736599074.371411, "_runtime": 12.12363314628601, "_step": 0, "_wandb": {"runtime": 10}}