{"Loss": 37.193519592285156, "Primal Residual": 0.005009462591260672, "Dual Residual": 0.0, "Epoch": 11, "Learning Rate": 0.01, "_timestamp": 1736157253.35894, "_runtime": 605.4448878765106, "_step": 2}