{"Loss": 11.856514930725098, "Primal Residual": 0.1840764880180359, "Dual Residual": 0.0, "Epoch": 76, "Learning Rate": 0.01, "_timestamp": 1736161242.4802468, "_runtime": 258.92553877830505, "_step": 16159, "_wandb": {"runtime": 255}}