{"Node Name": "Cyprinus carpio", "Category ID": "1", "Level": "l6", "Loss": 29.824485778808594, "Primal Residual": 1.99429190158844, "Dual Residual": 0.0, "Epoch": 1, "Learning Rate": 0.01, "_timestamp": 1736265001.6922653, "_runtime": 12.176802158355713, "_step": 0, "_wandb": {"runtime": 10}}