{"Loss": 31.93450927734375, "Primal Residual": 0.014615019783377647, "Dual Residual": 0.0, "Epoch": 1, "Learning Rate": 0.01, "_timestamp": 1736156376.6287007, "_runtime": 24.615848779678345, "_step": 258}