{"Node Name": "Cyprinus carpio", "Category ID": "1", "Level": "l6", "Loss": 29.824485778808594, "Primal Residual": 2.007384777069092, "Dual Residual": 0.0, "Epoch": 1, "Learning Rate": 0.001, "_timestamp": 1736602711.8026001, "_runtime": 12.513641119003296, "_step": 0, "_wandb": {"runtime": 11}}