{"Loss": 109.36622619628906, "Residual": 4.136706829071045, "Mu Norm": 4.136706829071045, "Epoch": 1, "Learning Rate": 0.01, "_timestamp": 1736089634.8344676, "_runtime": 22.02298855781555, "_step": 262, "_wandb": {"runtime": 20}}