{"Node Name": "Cyprinus carpio", "Category ID": "1", "Level": "l6", "Loss": 29.824485778808594, "Primal Residual": 1.99429190158844, "Dual Residual": 4.993380069732666, "Epoch": 1, "Learning Rate": 0.01, "_timestamp": 1736216398.2367713, "_runtime": 9.407612323760986, "_step": 0, "_wandb": {"runtime": 8}}